{"BL1": {"teams": ["1. FC Heidenheim 1846", "1. FC Köln", "1. FC Union Berlin", "1. FSV Mainz 05", "Bayer 04 Leverkusen", "Borussia Dortmund", "Borussia Mönchengladbach", "Eintracht Frankfurt", "FC Augsburg", "FC Bayern München", "FC St. Pauli 1910", "Holstein Kiel", "RB Leipzig", "SC Freiburg", "SV Darmstadt 98", "SV Werder Bremen", "TSG 1899 Hoffenheim", "VfB Stuttgart", "VfL Bochum 1848", "VfL Wolfsburg"], "att": [-0.17269270229315115, -0.5423895834741197, -0.3075244691877336, 0.015046657876733503, 0.4485243946609318, 0.37337421960705514, 0.12923067194788174, 0.23519470952223545, -0.2120648143424559, 0.6626228969215429, -0.5625017231269749, 0.05345842603776336, 0.22205095302156452, -0.008800706647946993, -0.5412113584693645, 0.06678415917624969, 0.10585976671579145, 0.3331694171208814, -0.2980206082785117, -0.00011030678837245511], "dff": [0.09415411685264402, 0.11110769030814717, -0.019480464213915215, -0.1773508329390412, -0.3546447923461412, -0.10477036194953893, 0.12806747829651283, -0.11533953201759067, -0.029777640045746373, -0.31818587338475035, -0.31423591972454595, 0.36987168346611937, -0.14060997925136257, 0.014649488317069543, 0.4682060282599279, 0.014674401012242582, 0.22926906256061796, -0.10727031657829292, 0.2483228524576004, 0.003342910920043622], "mu": 0.2956262744817171, "gamma": 0.12939086415107104, "rho": -0.1}, "FL1": {"teams": ["AJ Auxerre", "AS Monaco FC", "AS Saint-Étienne", "Angers SCO", "Clermont Foot 63", "FC Lorient", "FC Metz", "FC Nantes", "Le Havre AC", "Lille OSC", "Montpellier HSC", "OGC Nice", "Olympique Lyonnais", "Olympique de Marseille", "Paris Saint-Germain FC", "RC Strasbourg Alsace", "Racing Club de Lens", "Stade Brestois 29", "Stade Rennais FC 1901", "Stade de Reims", "Toulouse FC"], "att": [0.06139330988398574, 0.3512035770745228, -0.09617644393270787, -0.3709203698824155, -0.5417823003558585, -0.0506029210746623, -0.25146225384562465, -0.24832189645864078, -0.13965073522046206, 0.12117483966528377, -0.3986068581039717, 0.2250774683127058, 0.3019190534909723, 0.3731691389348614, 0.6428166096956196, 0.08963899931604548, -0.057957857623650695, 0.15751937117173473, 0.13876699739446463, -0.28123030107463237, -0.02596742736756979], "dff": [-0.00034069331635640243, -0.15798782949391713, 0.43735645622236946, 0.014045548583061833, 0.1948620804306967, 0.29245487048484126, 0.1531593600110101, 0.03556933964353962, 0.21715868171919228, -0.32709554451058226, 0.28907519853719993, -0.27637394691673184, -0.004405781923786083, -0.06084386446952095, -0.29482661002977145, -0.09308332018265152, -0.25307520956115814, 0.03227183173865529, -0.01074716149043057, -0.07729301737487125, -0.109880388100789], "mu": 0.22370433548962082, "gamma": 0.15318990353739645, "rho": -0.08578230915313985}, "PD": {"teams": ["Athletic Club", "CA Osasuna", "CD Leganés", "Club Atlético de Madrid", "Cádiz CF", "Deportivo Alavés", "FC Barcelona", "Getafe CF", "Girona FC", "Granada CF", "RC Celta de Vigo", "RCD Espanyol de Barcelona", "RCD Mallorca", "Rayo Vallecano de Madrid", "Real Betis Balompié", "Real Madrid CF", "Real Sociedad de Fútbol", "Real Valladolid CF", "Sevilla FC", "UD Almería", "UD Las Palmas", "Valencia CF", "Villarreal CF"], "att": [0.169686732814131, 0.038633680533539674, -0.12490407814074779, 0.3983565299720845, -0.5847671185359522, -0.22075855956104368, 0.7098124468532174, -0.21639931378749555, 0.23272579005659103, -0.1904019516789046, 0.20034829240274457, -0.11022951245962566, -0.2982175699914728, -0.23491188101741445, 0.19060705648511173, 0.5619531336080632, -0.13472926875435604, -0.512389602341463, -0.02789611446900438, -0.012024467505502057, -0.20967650202494634, -0.05469229275369421, 0.42987457029614], "dff": [-0.49028754880119935, 0.03523802367376466, 0.09205643544540482, -0.3437200764625289, 0.073916825092427, -0.11548455553313275, -0.17130191510869067, -0.11651792332582105, 0.11147602974050431, 0.4332124041462417, 0.1163134050858783, -0.028514863976169296, -0.16159724394863348, -0.10838329555507738, -0.026639079564134905, -0.3551689779033822, -0.13430556448772338, 0.571897302000106, 0.07258689110299105, 0.36202389232414733, 0.10444278426170973, -0.013237153427179692, 0.09199420522049831], "mu": 0.08119072564856636, "gamma": 0.22291530981745242, "rho": 0.024588819487204285}, "PL": {"teams": ["AFC Bournemouth", "Arsenal FC", "Aston Villa FC", "Brentford FC", "Brighton & Hove Albion FC", "Burnley FC", "Chelsea FC", "Crystal Palace FC", "Everton FC", "Fulham FC", "Ipswich Town FC", "Leicester City FC", "Liverpool FC", "Luton Town FC", "Manchester City FC", "Manchester United FC", "Newcastle United FC", "Nottingham Forest FC", "Sheffield United FC", "Southampton FC", "Tottenham Hotspur FC", "West Ham United FC", "Wolverhampton Wanderers FC"], "att": [0.04902827501540898, 0.3375070341625953, 0.17582076368468322, 0.15964794018821502, 0.14927638266326598, -0.23994325440184375, 0.23385991107439033, 0.03539881280809218, -0.25314049611381645, 0.019715567773580654, -0.3706656662305757, -0.49846386684676414, 0.46051388608939114, 0.00657802478328307, 0.3941430854146039, -0.0871131701253839, 0.3323192916550006, 0.02837373974548347, -0.3796566069187926, -0.692251832506216, 0.20542577191273115, -0.04679622058259754, -0.019577373244735123], "dff": [-0.11851148672706685, -0.5987880636053631, -0.09556999159824991, -0.0006918422665646469, 0.02061602410962181, 0.22839743007423513, -0.1738778940834941, -0.11195008836224574, -0.2939081328248061, -0.048556621499457706, 0.3317751304646678, 0.27839469359937075, -0.30576301033135006, 0.35410976135958283, -0.38950522764454504, -0.0676374910286385, -0.10875185614881847, -0.10085411929853183, 0.5329133723445079, 0.35418707919248604, 0.10640158170494661, 0.10241332064619864, 0.1051574319235141], "mu": 0.307167595528902, "gamma": 0.11317282916476347, "rho": -0.0178419999953903}, "SA": {"teams": ["AC Milan", "AC Monza", "ACF Fiorentina", "AS Roma", "Atalanta BC", "Bologna FC 1909", "Cagliari Calcio", "Como 1907", "Empoli FC", "FC Internazionale Milano", "Frosinone Calcio", "Genoa CFC", "Hellas Verona FC", "Juventus FC", "Parma Calcio 1913", "SS Lazio", "SSC Napoli", "Torino FC", "US Lecce", "US Salernitana 1919", "US Sassuolo Calcio", "Udinese Calcio", "Venezia FC"], "att": [0.37499984074868914, -0.3655976796550302, 0.270990757640737, 0.25652370891916765, 0.49463144106243156, 0.2156955662040702, -0.08030220178200861, 0.10486120909611817, -0.3425390436176084, 0.5488246965165358, -0.08006191113553972, -0.1193435702829862, -0.2718641291078127, 0.1918001437477165, -0.013362905347340102, 0.20065514617063454, 0.20878591729984317, -0.20390228803468094, -0.4623811266075947, -0.34982806771600855, -0.11487470194188026, -0.14237519120549363, -0.32133561097195973], "dff": [-0.06821764070723917, 0.25225609565898305, -0.1262892216863983, -0.284572016392232, -0.22459679770737917, -0.15698092955155468, 0.1838348295021844, -0.0015962656356112107, 0.14217899543085252, -0.46344352044408826, 0.3373834329345127, -0.0687257969748851, 0.15971443900868354, -0.3534382761905087, 0.12860193534403894, -0.0992893322873219, -0.3588099270798795, -0.18047712106980787, 0.09055309145145558, 0.48532683839144747, 0.41237810894213256, 0.09377126822081498, 0.10043781084180015], "mu": 0.13531414404242872, "gamma": 0.1255107861135941, "rho": -0.08792877925429836}, "_meta": {"xi": 0.0018, "ref_date": "2025-05-25", "built_at": "2026-07-03T03:02:46.437040"}}